405,213,473,233,494,222,474,250,505,217,477,157
405,213,473,233,494,222,474,250,505,217,477,237,495,175,429,157
405,213,473,233,494,222,474,250,505,217,469,229,493,221,478,254,509,237,495,175,429,157
405,213,473,233,494,222,474,250,505,217,469,229,493,173,431,159,413,221,478,254,509,237,495,175,429,157
405,213,473,233,494,222,477,157
405,213,473,233,494,222,477,237,495,175,429,157
405,213,473,233,494,222,479,159,413,221,478,158,409,217,477,157
405,213,473,233,494,222,479,159,413,221,478,158,409,217,477,237,495,175,429,157
405,213,473,233,494,222,479,159,413,221,478,254,509,237,489,153,414,238,493,253,505,217,477,157
405,213,473,233,494,222,479,159,413,221,478,254,509,237,495,175,429,157
405,213,473,233,494,222,479,159,413,173,421,229,493,253,505,217,477,157
405,213,473,233,494,222,479,159,413,173,421,229,493,253,505,217,477,237,495,175,429,157
405,213,473,233,494,222,479,159,413,173,421,229,493,221,478,158,409,217,477,157
405,213,473,233,494,222,479,159,413,173,421,229,493,221,478,158,409,217,477,237,495,175,429,157
405,213,473,233,494,222,479,159,413,173,421,229,493,221,478,254,509,237,495,175,429,157
405,213,473,233,494,158,409,217,474,90,350,222,477,157
405,213,473,233,494,158,409,217,474,90,350,222,477,237,495,175,429,157
405,213,473,233,494,158,409,217,474,90,350,222,479,159,413,221,478,254,509,237,495,175,429,157
405,213,473,233,494,158,409,217,474,90,350,222,479,159,413,173,421,229,493,221,478,254,509,237,495,175,429,157
405,213,473,233,494,158,409,217,477,157
405,213,473,233,494,158,409,217,477,237,495,175,429,157
405,213,473,233,494,158,409,217,469,229,493,221,478,254,509,237,489,153,413,93,350,222,477,157
405,213,473,233,494,158,409,217,469,229,493,221,478,254,509,237,495,175,429,157
405,213,473,233,494,158,409,217,469,229,493,173,431,159,413,93,350,222,477,157
405,213,473,233,494,158,409,217,469,229,493,173,431,159,413,93,350,222,477,237,495,175,429,157
405,213,473,233,494,158,409,217,469,229,493,173,431,159,413,221,478,254,509,237,495,175,429,157
405,213,473,89,346,218,478,158,409,217,474,90,350,222,477,157
405,213,473,89,346,218,478,158,409,217,474,90,350,222,477,237,495,175,429,157
405,213,473,89,346,218,478,158,409,217,477,157
405,213,473,89,346,218,478,158,409,217,477,237,495,175,429,157
405,213,473,89,346,218,478,158,409,217,469,229,493,173,431,159,413,93,350,222,477,157
405,213,473,89,346,218,478,158,409,217,469,229,493,173,431,159,413,93,350,222,477,237,495,175,429,157
405,213,473,89,346,218,478,158,409,233,494,222,474,250,505,217,477,157
405,213,473,89,346,218,478,158,409,233,494,222,474,250,505,217,477,237,495,175,429,157
405,213,473,89,346,218,478,158,409,233,494,222,477,157
405,213,473,89,346,218,478,158,409,233,494,222,477,237,495,175,429,157
405,213,473,89,346,218,478,158,409,233,494,222,479,159,413,173,421,229,493,253,505,217,477,157
405,213,473,89,346,218,478,158,409,233,494,222,479,159,413,173,421,229,493,253,505,217,477,237,495,175,429,157
405,213,473,89,346,218,478,254,509,237,489,153,414,238,493,253,505,217,474,90,350,222,477,157
405,213,473,89,346,218,478,254,509,237,489,153,414,238,493,253,505,217,477,157
405,213,473,89,346,218,478,254,509,237,489,153,414,238,493,173,431,159,413,93,350,222,474,250,505,217,477,157
405,213,473,89,346,218,478,254,509,237,489,153,414,238,493,173,431,159,413,93,350,222,477,157
405,213,473,89,346,218,478,254,509,237,489,153,413,93,350,222,474,250,505,217,477,157
405,213,473,89,346,218,478,254,509,237,489,153,413,93,350,222,477,157
405,213,473,89,346,218,478,254,509,237,489,153,413,173,421,229,493,253,505,217,474,90,350,222,477,157
405,213,473,89,346,218,478,254,509,237,489,153,413,173,421,229,493,253,505,217,477,157
405,213,473,89,346,218,478,254,509,237,495,175,429,157
405,213,473,89,349,157
405,165,429,157
405,165,429,237,489,153,414,238,493,253,505,217,474,90,350,222,477,157
405,165,429,237,489,153,414,238,493,253,505,217,474,90,350,222,479,159,413,221,473,89,349,157
405,165,429,237,489,153,414,238,493,253,505,217,474,90,350,222,479,159,413,221,478,254,506,218,473,89,349,157
405,165,429,237,489,153,414,238,493,253,505,217,477,157
405,165,429,237,489,153,414,238,493,221,473,233,494,222,474,250,505,217,477,157
405,165,429,237,489,153,414,238,493,221,473,233,494,222,477,157
405,165,429,237,489,153,414,238,493,221,473,233,494,158,409,217,474,90,350,222,477,157
405,165,429,237,489,153,414,238,493,221,473,233,494,158,409,217,477,157
405,165,429,237,489,153,414,238,493,221,473,89,346,218,478,158,409,217,474,90,350,222,477,157
405,165,429,237,489,153,414,238,493,221,473,89,346,218,478,158,409,217,477,157
405,165,429,237,489,153,414,238,493,221,473,89,346,218,478,158,409,233,494,222,474,250,505,217,477,157
405,165,429,237,489,153,414,238,493,221,473,89,346,218,478,158,409,233,494,222,477,157
405,165,429,237,489,153,414,238,493,221,473,89,349,157
405,165,429,237,489,153,414,238,493,221,478,158,409,217,474,90,350,222,477,157
405,165,429,237,489,153,414,238,493,221,478,158,409,217,477,157
405,165,429,237,489,153,414,238,493,221,478,158,409,233,494,222,474,250,505,217,477,157
405,165,429,237,489,153,414,238,493,221,478,158,409,233,494,222,477,157
405,165,429,237,489,153,414,238,493,221,478,254,506,218,473,233,494,222,474,250,505,217,477,157
405,165,429,237,489,153,414,238,493,221,478,254,506,218,473,233,494,222,477,157
405,165,429,237,489,153,414,238,493,221,478,254,506,218,473,233,494,158,409,217,474,90,350,222,477,157
405,165,429,237,489,153,414,238,493,221,478,254,506,218,473,233,494,158,409,217,477,157
405,165,429,237,489,153,414,238,493,221,478,254,506,218,473,89,349,157
405,165,429,237,489,153,414,238,493,173,431,159,413,93,350,222,474,250,505,217,477,157
405,165,429,237,489,153,414,238,493,173,431,159,413,93,350,222,477,157
405,165,429,237,489,153,414,238,493,173,431,159,413,221,473,233,494,222,474,250,505,217,477,157
405,165,429,237,489,153,414,238,493,173,431,159,413,221,473,233,494,222,477,157
405,165,429,237,489,153,414,238,493,173,431,159,413,221,473,233,494,158,409,217,474,90,350,222,477,157
405,165,429,237,489,153,414,238,493,173,431,159,413,221,473,233,494,158,409,217,477,157
405,165,429,237,489,153,414,238,493,173,431,159,413,221,473,89,346,218,478,158,409,217,474,90,350,222,477,157
405,165,429,237,489,153,414,238,493,173,431,159,413,221,473,89,346,218,478,158,409,217,477,157
405,165,429,237,489,153,414,238,493,173,431,159,413,221,473,89,346,218,478,158,409,233,494,222,474,250,505,217,477,157
405,165,429,237,489,153,414,238,493,173,431,159,413,221,473,89,346,218,478,158,409,233,494,222,477,157
405,165,429,237,489,153,414,238,493,173,431,159,413,221,473,89,349,157
405,165,429,237,489,153,414,238,493,173,431,159,413,221,478,158,409,217,474,90,350,222,477,157
405,165,429,237,489,153,414,238,493,173,431,159,413,221,478,158,409,217,477,157
405,165,429,237,489,153,414,238,493,173,431,159,413,221,478,158,409,233,494,222,474,250,505,217,477,157
405,165,429,237,489,153,414,238,493,173,431,159,413,221,478,158,409,233,494,222,477,157
405,165,429,237,489,153,414,238,493,173,431,159,413,221,478,254,506,218,473,233,494,222,474,250,505,217,477,157
405,165,429,237,489,153,414,238,493,173,431,159,413,221,478,254,506,218,473,233,494,222,477,157
405,165,429,237,489,153,414,238,493,173,431,159,413,221,478,254,506,218,473,233,494,158,409,217,474,90,350,222,477,157
405,165,429,237,489,153,414,238,493,173,431,159,413,221,478,254,506,218,473,233,494,158,409,217,477,157
405,165,429,237,489,153,414,238,493,173,431,159,413,221,478,254,506,218,473,89,349,157
405,165,429,237,489,153,413,93,350,222,474,250,505,217,477,157
405,165,429,237,489,153,413,93,350,222,474,250,505,217,469,229,493,221,473,89,349,157
405,165,429,237,489,153,413,93,350,222,474,250,505,217,469,229,493,221,478,254,506,218,473,89,349,157
405,165,429,237,489,153,413,93,350,222,477,157
405,165,429,237,489,153,413,221,473,233,494,222,474,250,505,217,477,157
405,165,429,237,489,153,413,221,473,233,494,222,477,157
405,165,429,237,489,153,413,221,473,233,494,158,409,217,474,90,350,222,477,157
405,165,429,237,489,153,413,221,473,233,494,158,409,217,477,157
405,165,429,237,489,153,413,221,473,89,346,218,478,158,409,217,474,90,350,222,477,157
405,165,429,237,489,153,413,221,473,89,346,218,478,158,409,217,477,157
405,165,429,237,489,153,413,221,473,89,346,218,478,158,409,233,494,222,474,250,505,217,477,157
405,165,429,237,489,153,413,221,473,89,346,218,478,158,409,233,494,222,477,157
405,165,429,237,489,153,413,221,473,89,349,157
405,165,429,237,489,153,413,221,478,158,409,217,474,90,350,222,477,157
405,165,429,237,489,153,413,221,478,158,409,217,477,157
405,165,429,237,489,153,413,221,478,158,409,233,494,222,474,250,505,217,477,157
405,165,429,237,489,153,413,221,478,158,409,233,494,222,477,157
405,165,429,237,489,153,413,221,478,254,506,218,473,233,494,222,474,250,505,217,477,157
405,165,429,237,489,153,413,221,478,254,506,218,473,233,494,222,477,157
405,165,429,237,489,153,413,221,478,254,506,218,473,233,494,158,409,217,474,90,350,222,477,157
405,165,429,237,489,153,413,221,478,254,506,218,473,233,494,158,409,217,477,157
405,165,429,237,489,153,413,221,478,254,506,218,473,89,349,157
405,165,429,237,489,153,413,173,421,229,493,253,505,217,474,90,350,222,477,157
405,165,429,237,489,153,413,173,421,229,493,253,505,217,477,157
405,165,429,237,489,153,413,173,421,229,493,221,473,233,494,222,474,250,505,217,477,157
405,165,429,237,489,153,413,173,421,229,493,221,473,233,494,222,477,157
405,165,429,237,489,153,413,173,421,229,493,221,473,233,494,158,409,217,474,90,350,222,477,157
405,165,429,237,489,153,413,173,421,229,493,221,473,233,494,158,409,217,477,157
405,165,429,237,489,153,413,173,421,229,493,221,473,89,346,218,478,158,409,217,474,90,350,222,477,157
405,165,429,237,489,153,413,173,421,229,493,221,473,89,346,218,478,158,409,217,477,157
405,165,429,237,489,153,413,173,421,229,493,221,473,89,346,218,478,158,409,233,494,222,474,250,505,217,477,157
405,165,429,237,489,153,413,173,421,229,493,221,473,89,346,218,478,158,409,233,494,222,477,157
405,165,429,237,489,153,413,173,421,229,493,221,473,89,349,157
405,165,429,237,489,153,413,173,421,229,493,221,478,158,409,217,474,90,350,222,477,157
405,165,429,237,489,153,413,173,421,229,493,221,478,158,409,217,477,157
405,165,429,237,489,153,413,173,421,229,493,221,478,158,409,233,494,222,474,250,505,217,477,157
405,165,429,237,489,153,413,173,421,229,493,221,478,158,409,233,494,222,477,157
405,165,429,237,489,153,413,173,421,229,493,221,478,254,506,218,473,233,494,222,474,250,505,217,477,157
405,165,429,237,489,153,413,173,421,229,493,221,478,254,506,218,473,233,494,222,477,157
405,165,429,237,489,153,413,173,421,229,493,221,478,254,506,218,473,233,494,158,409,217,474,90,350,222,477,157
405,165,429,237,489,153,413,173,421,229,493,221,478,254,506,218,473,233,494,158,409,217,477,157
405,165,429,237,489,153,413,173,421,229,493,221,478,254,506,218,473,89,349,157
405,165,429,237,495,223,478,158,409,217,474,90,350,222,477,157
405,165,429,237,495,223,478,158,409,217,474,90,350,222,479,159,413,221,473,89,349,157
405,165,429,237,495,223,478,158,409,217,474,90,350,222,479,159,413,173,421,229,493,221,473,89,349,157
405,165,429,237,495,223,478,158,409,217,477,157
405,165,429,237,495,223,478,158,409,217,469,229,493,221,473,233,494,222,477,157
405,165,429,237,495,223,478,158,409,217,469,229,493,221,473,89,349,157
405,165,429,237,495,223,478,158,409,217,469,229,493,173,431,159,413,93,350,222,477,157
405,165,429,237,495,223,478,158,409,217,469,229,493,173,431,159,413,221,473,233,494,222,477,157
405,165,429,237,495,223,478,158,409,217,469,229,493,173,431,159,413,221,473,89,349,157
405,165,429,237,495,223,478,158,409,233,494,222,474,250,505,217,477,157
405,165,429,237,495,223,478,158,409,233,494,222,474,250,505,217,469,229,493,221,473,89,349,157
405,165,429,237,495,223,478,158,409,233,494,222,474,250,505,217,469,229,493,173,431,159,413,221,473,89,349,157
405,165,429,237,495,223,478,158,409,233,494,222,477,157
405,165,429,237,495,223,478,158,409,233,494,222,479,159,413,221,473,89,349,157
405,165,429,237,495,223,478,158,409,233,494,222,479,159,413,173,421,229,493,253,505,217,477,157
405,165,429,237,495,223,478,158,409,233,494,222,479,159,413,173,421,229,493,221,473,89,349,157
405,165,429,237,495,223,478,254,506,218,473,233,494,222,474,250,505,217,477,157
405,165,429,237,495,223,478,254,506,218,473,233,494,222,477,157
405,165,429,237,495,223,478,254,506,218,473,233,494,222,479,159,413,173,421,229,493,253,505,217,477,157
405,165,429,237,495,223,478,254,506,218,473,233,494,158,409,217,474,90,350,222,477,157
405,165,429,237,495,223,478,254,506,218,473,233,494,158,409,217,477,157
405,165,429,237,495,223,478,254,506,218,473,233,494,158,409,217,469,229,493,173,431,159,413,93,350,222,477,157
405,165,429,237,495,223,478,254,506,218,473,89,349,157
409,169,430,158
409,217,474,90,350,222,477,157,414,238,489,153,413,221,473,233,494,158
409,217,474,90,350,222,477,157,414,238,489,153,413,221,473,89,346,218,478,158
409,217,474,90,350,222,477,157,414,238,489,153,413,221,478,158
409,217,474,90,350,222,477,157,414,238,489,153,413,221,478,254,506,218,473,233,494,158
409,217,474,90,350,222,477,157,414,238,489,153,413,173,421,229,493,221,473,233,494,158
409,217,474,90,350,222,477,157,414,238,489,153,413,173,421,229,493,221,473,89,346,218,478,158
409,217,474,90,350,222,477,157,414,238,489,153,413,173,421,229,493,221,478,158
409,217,474,90,350,222,477,157,414,238,489,153,413,173,421,229,493,221,478,254,506,218,473,233,494,158
409,217,474,90,350,222,477,157,414,238,493,221,473,233,494,158
409,217,474,90,350,222,477,157,414,238,493,221,473,89,346,218,478,158
409,217,474,90,350,222,477,157,414,238,493,221,478,158
409,217,474,90,350,222,477,157,414,238,493,221,478,254,506,218,473,233,494,158
409,217,474,90,350,222,477,157,414,238,493,173,431,159,413,221,473,233,494,158
409,217,474,90,350,222,477,157,414,238,493,173,431,159,413,221,473,89,346,218,478,158
409,217,474,90,350,222,477,157,414,238,493,173,431,159,413,221,478,158
409,217,474,90,350,222,477,157,414,238,493,173,431,159,413,221,478,254,506,218,473,233,494,158
409,217,474,90,350,222,477,237,489,153,414,238,493,221,473,233,494,158
409,217,474,90,350,222,477,237,489,153,414,238,493,221,473,89,346,218,478,158
409,217,474,90,350,222,477,237,489,153,414,238,493,221,478,158
409,217,474,90,350,222,477,237,489,153,414,238,493,221,478,254,506,218,473,233,494,158
409,217,474,90,350,222,477,237,489,153,414,238,493,173,431,159,413,221,473,233,494,158
409,217,474,90,350,222,477,237,489,153,414,238,493,173,431,159,413,221,473,89,346,218,478,158
409,217,474,90,350,222,477,237,489,153,414,238,493,173,431,159,413,221,478,158
409,217,474,90,350,222,477,237,489,153,414,238,493,173,431,159,413,221,478,254,506,218,473,233,494,158
409,217,474,90,350,222,477,237,489,153,413,221,473,233,494,158
409,217,474,90,350,222,477,237,489,153,413,221,473,89,346,218,478,158
409,217,474,90,350,222,477,237,489,153,413,221,478,158
409,217,474,90,350,222,477,237,489,153,413,221,478,254,506,218,473,233,494,158
409,217,474,90,350,222,477,237,489,153,413,173,421,229,493,221,473,233,494,158
409,217,474,90,350,222,477,237,489,153,413,173,421,229,493,221,473,89,346,218,478,158
409,217,474,90,350,222,477,237,489,153,413,173,421,229,493,221,478,158
409,217,474,90,350,222,477,237,489,153,413,173,421,229,493,221,478,254,506,218,473,233,494,158
409,217,474,90,350,222,477,237,495,175,429,157,414,238,489,153,413,221,473,233,494,158
409,217,474,90,350,222,477,237,495,175,429,157,414,238,489,153,413,221,473,89,346,218,478,158
409,217,474,90,350,222,477,237,495,175,429,157,414,238,489,153,413,221,478,158
409,217,474,90,350,222,477,237,495,175,429,157,414,238,489,153,413,221,478,254,506,218,473,233,494,158
409,217,474,90,350,222,477,237,495,175,429,157,414,238,489,153,413,173,421,229,493,221,473,233,494,158
409,217,474,90,350,222,477,237,495,175,429,157,414,238,489,153,413,173,421,229,493,221,473,89,346,218,478,158
409,217,474,90,350,222,477,237,495,175,429,157,414,238,489,153,413,173,421,229,493,221,478,158
409,217,474,90,350,222,477,237,495,175,429,157,414,238,489,153,413,173,421,229,493,221,478,254,506,218,473,233,494,158
409,217,474,90,350,222,477,237,495,175,429,157,414,238,493,221,473,233,494,158
409,217,474,90,350,222,477,237,495,175,429,157,414,238,493,221,473,89,346,218,478,158
409,217,474,90,350,222,477,237,495,175,429,157,414,238,493,221,478,158
409,217,474,90,350,222,477,237,495,175,429,157,414,238,493,221,478,254,506,218,473,233,494,158
409,217,474,90,350,222,477,237,495,175,429,157,414,238,493,173,431,159,413,221,473,233,494,158
409,217,474,90,350,222,477,237,495,175,429,157,414,238,493,173,431,159,413,221,473,89,346,218,478,158
409,217,474,90,350,222,477,237,495,175,429,157,414,238,493,173,431,159,413,221,478,158
409,217,474,90,350,222,477,237,495,175,429,157,414,238,493,173,431,159,413,221,478,254,506,218,473,233,494,158
409,217,474,90,350,222,477,237,495,223,478,158
409,217,474,90,350,222,477,237,495,223,478,254,506,218,473,233,494,158
409,217,474,90,350,222,479,159,413,221,473,233,494,158
409,217,474,90,350,222,479,159,413,221,473,89,346,218,478,158
409,217,474,90,350,222,479,159,413,221,478,158
409,217,474,90,350,222,479,159,413,221,478,254,506,218,473,233,494,158
409,217,474,90,350,222,479,159,413,173,421,229,493,221,473,233,494,158
409,217,474,90,350,222,479,159,413,173,421,229,493,221,473,89,346,218,478,158
409,217,474,90,350,222,479,159,413,173,421,229,493,221,478,158
409,217,474,90,350,222,479,159,413,173,421,229,493,221,478,254,506,218,473,233,494,158
409,217,477,157,414,238,489,153,413,221,473,233,494,158
409,217,477,157,414,238,489,153,413,221,473,89,346,218,478,158
409,217,477,157,414,238,489,153,413,221,478,158
409,217,477,157,414,238,489,153,413,221,478,254,506,218,473,233,494,158
409,217,477,157,414,238,489,153,413,173,421,229,493,221,473,233,494,158
409,217,477,157,414,238,489,153,413,173,421,229,493,221,473,89,346,218,478,158
409,217,477,157,414,238,489,153,413,173,421,229,493,221,478,158
409,217,477,157,414,238,489,153,413,173,421,229,493,221,478,254,506,218,473,233,494,158
409,217,477,157,414,238,493,221,473,233,494,158
409,217,477,157,414,238,493,221,473,89,346,218,478,158
409,217,477,157,414,238,493,221,478,158
409,217,477,157,414,238,493,221,478,254,506,218,473,233,494,158
409,217,477,157,414,238,493,173,431,159,413,221,473,233,494,158
409,217,477,157,414,238,493,173,431,159,413,221,473,89,346,218,478,158
409,217,477,157,414,238,493,173,431,159,413,221,478,158
409,217,477,157,414,238,493,173,431,159,413,221,478,254,506,218,473,233,494,158
409,217,477,237,489,153,414,238,493,221,473,233,494,158
409,217,477,237,489,153,414,238,493,221,473,89,346,218,478,158
409,217,477,237,489,153,414,238,493,221,478,158
409,217,477,237,489,153,414,238,493,221,478,254,506,218,473,233,494,158
409,217,477,237,489,153,414,238,493,173,431,159,413,221,473,233,494,158
409,217,477,237,489,153,414,238,493,173,431,159,413,221,473,89,346,218,478,158
409,217,477,237,489,153,414,238,493,173,431,159,413,221,478,158
409,217,477,237,489,153,414,238,493,173,431,159,413,221,478,254,506,218,473,233,494,158
409,217,477,237,489,153,413,221,473,233,494,158
409,217,477,237,489,153,413,221,473,89,346,218,478,158
409,217,477,237,489,153,413,221,478,158
409,217,477,237,489,153,413,221,478,254,506,218,473,233,494,158
409,217,477,237,489,153,413,173,421,229,493,221,473,233,494,158
409,217,477,237,489,153,413,173,421,229,493,221,473,89,346,218,478,158
409,217,477,237,489,153,413,173,421,229,493,221,478,158
409,217,477,237,489,153,413,173,421,229,493,221,478,254,506,218,473,233,494,158
409,217,477,237,495,175,429,157,414,238,489,153,413,221,473,233,494,158
409,217,477,237,495,175,429,157,414,238,489,153,413,221,473,89,346,218,478,158
409,217,477,237,495,175,429,157,414,238,489,153,413,221,478,158
409,217,477,237,495,175,429,157,414,238,489,153,413,221,478,254,506,218,473,233,494,158
409,217,477,237,495,175,429,157,414,238,489,153,413,173,421,229,493,221,473,233,494,158
409,217,477,237,495,175,429,157,414,238,489,153,413,173,421,229,493,221,473,89,346,218,478,158
409,217,477,237,495,175,429,157,414,238,489,153,413,173,421,229,493,221,478,158
409,217,477,237,495,175,429,157,414,238,489,153,413,173,421,229,493,221,478,254,506,218,473,233,494,158
409,217,477,237,495,175,429,157,414,238,493,221,473,233,494,158
409,217,477,237,495,175,429,157,414,238,493,221,473,89,346,218,478,158
409,217,477,237,495,175,429,157,414,238,493,221,478,158
409,217,477,237,495,175,429,157,414,238,493,221,478,254,506,218,473,233,494,158
409,217,477,237,495,175,429,157,414,238,493,173,431,159,413,221,473,233,494,158
409,217,477,237,495,175,429,157,414,238,493,173,431,159,413,221,473,89,346,218,478,158
409,217,477,237,495,175,429,157,414,238,493,173,431,159,413,221,478,158
409,217,477,237,495,175,429,157,414,238,493,173,431,159,413,221,478,254,506,218,473,233,494,158
409,217,477,237,495,223,478,158
409,217,477,237,495,223,478,254,506,218,473,233,494,158
409,217,469,229,493,221,473,233,494,222,477,237,495,223,478,158
409,217,469,229,493,221,473,233,494,158
409,217,469,229,493,221,473,89,346,218,478,158
409,217,469,229,493,221,473,89,349,157,414,238,489,153,413,93,350,222,477,237,495,223,478,158
409,217,469,229,493,221,478,158
409,217,469,229,493,221,478,254,506,218,473,233,494,158
409,217,469,229,493,173,431,159,413,93,350,222,477,237,495,223,478,158
409,217,469,229,493,173,431,159,413,93,350,222,477,237,495,223,478,254,506,218,473,233,494,158
409,217,469,229,493,173,431,159,413,221,473,233,494,222,477,237,495,223,478,158
409,217,469,229,493,173,431,159,413,221,473,233,494,158
409,217,469,229,493,173,431,159,413,221,473,89,346,218,478,158
409,217,469,229,493,173,431,159,413,221,478,158
409,217,469,229,493,173,431,159,413,221,478,254,506,218,473,233,494,158
409,233,494,222,474,250,505,217,477,157,414,238,489,153,413,221,473,89,346,218,478,158
409,233,494,222,474,250,505,217,477,157,414,238,489,153,413,221,478,158
409,233,494,222,474,250,505,217,477,157,414,238,489,153,413,173,421,229,493,221,473,89,346,218,478,158
409,233,494,222,474,250,505,217,477,157,414,238,489,153,413,173,421,229,493,221,478,158
409,233,494,222,474,250,505,217,477,157,414,238,493,221,473,89,346,218,478,158
409,233,494,222,474,250,505,217,477,157,414,238,493,221,478,158
409,233,494,222,474,250,505,217,477,157,414,238,493,173,431,159,413,221,473,89,346,218,478,158
409,233,494,222,474,250,505,217,477,157,414,238,493,173,431,159,413,221,478,158
409,233,494,222,474,250,505,217,477,237,489,153,414,238,493,221,473,89,346,218,478,158
409,233,494,222,474,250,505,217,477,237,489,153,414,238,493,221,478,158
409,233,494,222,474,250,505,217,477,237,489,153,414,238,493,173,431,159,413,221,473,89,346,218,478,158
409,233,494,222,474,250,505,217,477,237,489,153,414,238,493,173,431,159,413,221,478,158
409,233,494,222,474,250,505,217,477,237,489,153,413,221,473,89,346,218,478,158
409,233,494,222,474,250,505,217,477,237,489,153,413,221,478,158
409,233,494,222,474,250,505,217,477,237,489,153,413,173,421,229,493,221,473,89,346,218,478,158
409,233,494,222,474,250,505,217,477,237,489,153,413,173,421,229,493,221,478,158
409,233,494,222,474,250,505,217,477,237,495,175,429,157,414,238,489,153,413,221,473,89,346,218,478,158
409,233,494,222,474,250,505,217,477,237,495,175,429,157,414,238,489,153,413,221,478,158
409,233,494,222,474,250,505,217,477,237,495,175,429,157,414,238,489,153,413,173,421,229,493,221,473,89,346,218,478,158
409,233,494,222,474,250,505,217,477,237,495,175,429,157,414,238,489,153,413,173,421,229,493,221,478,158
409,233,494,222,474,250,505,217,477,237,495,175,429,157,414,238,493,221,473,89,346,218,478,158
409,233,494,222,474,250,505,217,477,237,495,175,429,157,414,238,493,221,478,158
409,233,494,222,474,250,505,217,477,237,495,175,429,157,414,238,493,173,431,159,413,221,473,89,346,218,478,158
409,233,494,222,474,250,505,217,477,237,495,175,429,157,414,238,493,173,431,159,413,221,478,158
409,233,494,222,474,250,505,217,477,237,495,223,478,158
409,233,494,222,474,250,505,217,469,229,493,221,473,89,346,218,478,158
409,233,494,222,474,250,505,217,469,229,493,221,478,158
409,233,494,222,474,250,505,217,469,229,493,173,431,159,413,221,473,89,346,218,478,158
409,233,494,222,474,250,505,217,469,229,493,173,431,159,413,221,478,158
409,233,494,222,477,157,414,238,489,153,413,221,473,89,346,218,478,158
409,233,494,222,477,157,414,238,489,153,413,221,478,158
409,233,494,222,477,157,414,238,489,153,413,173,421,229,493,221,473,89,346,218,478,158
409,233,494,222,477,157,414,238,489,153,413,173,421,229,493,221,478,158
409,233,494,222,477,157,414,238,493,221,473,89,346,218,478,158
409,233,494,222,477,157,414,238,493,221,478,158
409,233,494,222,477,157,414,238,493,173,431,159,413,221,473,89,346,218,478,158
409,233,494,222,477,157,414,238,493,173,431,159,413,221,478,158
409,233,494,222,477,237,489,153,414,238,493,221,473,89,346,218,478,158
409,233,494,222,477,237,489,153,414,238,493,221,478,158
409,233,494,222,477,237,489,153,414,238,493,173,431,159,413,221,473,89,346,218,478,158
409,233,494,222,477,237,489,153,414,238,493,173,431,159,413,221,478,158
409,233,494,222,477,237,489,153,413,221,473,89,346,218,478,158
409,233,494,222,477,237,489,153,413,221,478,158
409,233,494,222,477,237,489,153,413,173,421,229,493,221,473,89,346,218,478,158
409,233,494,222,477,237,489,153,413,173,421,229,493,221,478,158
409,233,494,222,477,237,495,175,429,157,414,238,489,153,413,221,473,89,346,218,478,158
409,233,494,222,477,237,495,175,429,157,414,238,489,153,413,221,478,158
409,233,494,222,477,237,495,175,429,157,414,238,489,153,413,173,421,229,493,221,473,89,346,218,478,158
409,233,494,222,477,237,495,175,429,157,414,238,489,153,413,173,421,229,493,221,478,158
409,233,494,222,477,237,495,175,429,157,414,238,493,221,473,89,346,218,478,158
409,233,494,222,477,237,495,175,429,157,414,238,493,221,478,158
409,233,494,222,477,237,495,175,429,157,414,238,493,173,431,159,413,221,473,89,346,218,478,158
409,233,494,222,477,237,495,175,429,157,414,238,493,173,431,159,413,221,478,158
409,233,494,222,477,237,495,223,478,158
409,233,494,222,479,159,413,221,473,89,346,218,478,158
409,233,494,222,479,159,413,221,473,89,349,157,414,238,493,253,505,217,477,237,495,223,478,158
409,233,494,222,479,159,413,221,478,158
409,233,494,222,479,159,413,173,421,229,493,253,505,217,477,237,495,223,478,158
409,233,494,222,479,159,413,173,421,229,493,221,473,89,346,218,478,158
409,233,494,222,479,159,413,173,421,229,493,221,478,158
409,233,494,158
153,414,238,489
153,414,238,493,253,505,217,474,90,350,222,477,237,489
153,414,238,493,253,505,217,474,90,350,222,479,159,413,221,473,89,346,218,478,254,509,237,489
153,414,238,493,253,505,217,474,90,350,222,479,159,413,221,478,254,509,237,489
153,414,238,493,253,505,217,477,237,489
153,414,238,493,221,473,233,494,222,474,250,505,217,477,237,489
153,414,238,493,221,473,233,494,222,477,237,489
153,414,238,493,221,473,89,346,218,478,254,509,237,489
153,414,238,493,221,478,254,506,218,473,233,494,222,474,250,505,217,477,237,489
153,414,238,493,221,478,254,506,218,473,233,494,222,477,237,489
153,414,238,493,221,478,254,509,237,489
153,414,238,493,173,431,159,413,93,350,222,474,250,505,217,477,237,489
153,414,238,493,173,431,159,413,93,350,222,477,237,489
153,414,238,493,173,431,159,413,221,473,233,494,222,474,250,505,217,477,237,489
153,414,238,493,173,431,159,413,221,473,233,494,222,477,237,489
153,414,238,493,173,431,159,413,221,473,89,346,218,478,254,509,237,489
153,414,238,493,173,431,159,413,221,478,254,506,218,473,233,494,222,474,250,505,217,477,237,489
153,414,238,493,173,431,159,413,221,478,254,506,218,473,233,494,222,477,237,489
153,414,238,493,173,431,159,413,221,478,254,509,237,489
153,410,234,489
153,413,93,350,222,474,250,505,217,477,157,414,238,489
153,413,93,350,222,474,250,505,217,477,157,414,238,493,221,473,89,346,218,478,254,509,237,489
153,413,93,350,222,474,250,505,217,477,157,414,238,493,221,478,254,509,237,489
153,413,93,350,222,474,250,505,217,477,237,489
153,413,93,350,222,474,250,505,217,477,237,495,175,429,157,414,238,489
153,413,93,350,222,474,250,505,217,477,237,495,223,478,254,506,218,473,89,349,157,414,238,489
153,413,93,350,222,474,250,505,217,469,229,493,221,473,89,346,218,478,254,509,237,489
153,413,93,350,222,474,250,505,217,469,229,493,221,473,89,346,218,478,254,509,237,495,175,429,157,414,238,489
153,413,93,350,222,474,250,505,217,469,229,493,221,473,89,349,157,414,238,489
153,413,93,350,222,474,250,505,217,469,229,493,221,478,254,506,218,473,89,349,157,414,238,489
153,413,93,350,222,474,250,505,217,469,229,493,221,478,254,509,237,489
153,413,93,350,222,474,250,505,217,469,229,493,221,478,254,509,237,495,175,429,157,414,238,489
153,413,93,350,222,477,157,414,238,489
153,413,93,350,222,477,157,414,238,493,221,473,89,346,218,478,254,509,237,489
153,413,93,350,222,477,157,414,238,493,221,478,254,509,237,489
153,413,93,350,222,477,237,489
153,413,93,350,222,477,237,495,175,429,157,414,238,489
153,413,93,350,222,477,237,495,223,478,254,506,218,473,89,349,157,414,238,489
153,413,221,473,233,494,222,474,250,505,217,477,157,414,238,489
153,413,221,473,233,494,222,474,250,505,217,477,237,489
153,413,221,473,233,494,222,474,250,505,217,477,237,495,175,429,157,414,238,489
153,413,221,473,233,494,222,477,157,414,238,489
153,413,221,473,233,494,222,477,237,489
153,413,221,473,233,494,222,477,237,495,175,429,157,414,238,489
153,413,221,473,89,346,218,478,254,509,237,489
153,413,221,473,89,346,218,478,254,509,237,495,175,429,157,414,238,489
153,413,221,473,89,349,157,414,238,489
153,413,221,473,89,349,157,414,238,493,253,505,217,474,90,350,222,477,237,489
153,413,221,473,89,349,157,414,238,493,253,505,217,477,237,489
153,413,221,478,254,506,218,473,233,494,222,474,250,505,217,477,157,414,238,489
153,413,221,478,254,506,218,473,233,494,222,474,250,505,217,477,237,489
153,413,221,478,254,506,218,473,233,494,222,474,250,505,217,477,237,495,175,429,157,414,238,489
153,413,221,478,254,506,218,473,233,494,222,477,157,414,238,489
153,413,221,478,254,506,218,473,233,494,222,477,237,489
153,413,221,478,254,506,218,473,233,494,222,477,237,495,175,429,157,414,238,489
153,413,221,478,254,506,218,473,89,349,157,414,238,489
153,413,221,478,254,506,218,473,89,349,157,414,238,493,253,505,217,474,90,350,222,477,237,489
153,413,221,478,254,506,218,473,89,349,157,414,238,493,253,505,217,477,237,489
153,413,221,478,254,509,237,489
153,413,221,478,254,509,237,495,175,429,157,414,238,489
153,413,173,421,229,493,253,505,217,474,90,350,222,477,157,414,238,489
153,413,173,421,229,493,253,505,217,474,90,350,222,477,237,489
153,413,173,421,229,493,253,505,217,474,90,350,222,477,237,495,175,429,157,414,238,489
153,413,173,421,229,493,253,505,217,474,90,350,222,477,237,495,223,478,254,506,218,473,89,349,157,414,238,489
153,413,173,421,229,493,253,505,217,477,157,414,238,489
153,413,173,421,229,493,253,505,217,477,237,489
153,413,173,421,229,493,253,505,217,477,237,495,175,429,157,414,238,489
153,413,173,421,229,493,253,505,217,477,237,495,223,478,254,506,218,473,89,349,157,414,238,489
153,413,173,421,229,493,221,473,233,494,222,474,250,505,217,477,157,414,238,489
153,413,173,421,229,493,221,473,233,494,222,474,250,505,217,477,237,489
153,413,173,421,229,493,221,473,233,494,222,474,250,505,217,477,237,495,175,429,157,414,238,489
153,413,173,421,229,493,221,473,233,494,222,477,157,414,238,489
153,413,173,421,229,493,221,473,233,494,222,477,237,489
153,413,173,421,229,493,221,473,233,494,222,477,237,495,175,429,157,414,238,489
153,413,173,421,229,493,221,473,89,346,218,478,254,509,237,489
153,413,173,421,229,493,221,473,89,346,218,478,254,509,237,495,175,429,157,414,238,489
153,413,173,421,229,493,221,473,89,349,157,414,238,489
153,413,173,421,229,493,221,478,254,506,218,473,233,494,222,474,250,505,217,477,157,414,238,489
153,413,173,421,229,493,221,478,254,506,218,473,233,494,222,474,250,505,217,477,237,489
153,413,173,421,229,493,221,478,254,506,218,473,233,494,222,474,250,505,217,477,237,495,175,429,157,414,238,489
153,413,173,421,229,493,221,478,254,506,218,473,233,494,222,477,157,414,238,489
153,413,173,421,229,493,221,478,254,506,218,473,233,494,222,477,237,489
153,413,173,421,229,493,221,478,254,506,218,473,233,494,222,477,237,495,175,429,157,414,238,489
153,413,173,421,229,493,221,478,254,506,218,473,89,349,157,414,238,489
153,413,173,421,229,493,221,478,254,509,237,489
153,413,173,421,229,493,221,478,254,509,237,495,175,429,157,414,238,489
154,414,238,490
157,414,238,493,253,505,217,474,90,350,222,477
157,414,238,493,253,505,217,474,90,350,222,477,237,495,175,429
157,414,238,493,253,505,217,474,90,350,222,477,237,495,223,478,254,506,218,473,89,349
157,414,238,493,253,505,217,474,90,350,222,479,159,413,221,473,89,346,218,478,254,509,237,495,175,429
157,414,238,493,253,505,217,474,90,350,222,479,159,413,221,473,89,349
157,414,238,493,253,505,217,474,90,350,222,479,159,413,221,478,254,506,218,473,89,349
157,414,238,493,253,505,217,474,90,350,222,479,159,413,221,478,254,509,237,495,175,429
157,414,238,493,253,505,217,477
157,414,238,493,253,505,217,477,237,495,175,429
157,414,238,493,253,505,217,477,237,495,223,478,254,506,218,473,89,349
157,414,238,493,221,473,233,494,222,474,250,505,217,477
157,414,238,493,221,473,233,494,222,474,250,505,217,477,237,495,175,429
157,414,238,493,221,473,233,494,222,477
157,414,238,493,221,473,233,494,222,477,237,495,175,429
157,414,238,493,221,473,89,346,218,478,254,509,237,495,175,429
157,414,238,493,221,473,89,349
157,414,238,493,221,478,254,506,218,473,233,494,222,474,250,505,217,477
157,414,238,493,221,478,254,506,218,473,233,494,222,474,250,505,217,477,237,495,175,429
157,414,238,493,221,478,254,506,218,473,233,494,222,477
157,414,238,493,221,478,254,506,218,473,233,494,222,477,237,495,175,429
157,414,238,493,221,478,254,506,218,473,89,349
157,414,238,493,221,478,254,509,237,495,175,429
157,414,238,493,173,431,159,413,93,350,222,474,250,505,217,477
157,414,238,493,173,431,159,413,93,350,222,474,250,505,217,477,237,495,175,429
157,414,238,493,173,431,159,413,93,350,222,474,250,505,217,477,237,495,223,478,254,506,218,473,89,349
157,414,238,493,173,431,159,413,93,350,222,477
157,414,238,493,173,431,159,413,93,350,222,477,237,495,175,429
157,414,238,493,173,431,159,413,93,350,222,477,237,495,223,478,254,506,218,473,89,349
157,414,238,493,173,431,159,413,221,473,233,494,222,474,250,505,217,477
157,414,238,493,173,431,159,413,221,473,233,494,222,474,250,505,217,477,237,495,175,429
157,414,238,493,173,431,159,413,221,473,233,494,222,477
157,414,238,493,173,431,159,413,221,473,233,494,222,477,237,495,175,429
157,414,238,493,173,431,159,413,221,473,89,346,218,478,254,509,237,495,175,429
157,414,238,493,173,431,159,413,221,473,89,349
157,414,238,493,173,431,159,413,221,478,254,506,218,473,233,494,222,474,250,505,217,477
157,414,238,493,173,431,159,413,221,478,254,506,218,473,233,494,222,474,250,505,217,477,237,495,175,429
157,414,238,493,173,431,159,413,221,478,254,506,218,473,233,494,222,477
157,414,238,493,173,431,159,413,221,478,254,506,218,473,233,494,222,477,237,495,175,429
157,414,238,493,173,431,159,413,221,478,254,506,218,473,89,349
157,414,238,493,173,431,159,413,221,478,254,509,237,495,175,429
413,93,350,222,474,250,505,217,469,229,493,173,431,159
413,93,350,222,479,159
413,221,473,233,494,222,474,250,505,217,469,229,493,173,431,159
413,221,473,233,494,222,479,159
413,221,478,254,506,218,473,233,494,222,474,250,505,217,469,229,493,173,431,159
413,221,478,254,506,218,473,233,494,222,479,159
413,173,431,159
413,173,421,229,493,253,505,217,474,90,350,222,479,159
413,173,421,229,493,253,505,217,477,237,495,223,478,254,506,218,473,233,494,222,479,159
413,173,421,229,493,221,473,233,494,222,479,159
413,173,421,229,493,221,478,254,506,218,473,233,494,222,479,159
421,229,493,173
425,233,494,174
429,237,495,175
89,346,218,473
469,229,493,253,505,217
469,229,493,221,473,233,494,222,474,250,505,217
469,229,493,221,478,254,506,218,473,233,494,222,474,250,505,217
217,474,250,505
217,477,237,495,223,478,254,506,218,473,233,494,222,474,250,505
477,237,495,223,478,254,506,218,473,233,494,222
218,478,254,506
237,495,223,478,254,509
350,222,474,90
458,74,334,206
172,420,228,492
404,164,428,156
73,330,202,457
